Relevance,Explanation
RELEVANT,"The generated answer directly provides the syntax for using the `precision_recall_fscore_support` function in Python, including an import statement and an example of how to call the function with parameters. This is exactly what was asked in the question."
RELEVANT,"The generated answer directly addresses the question about modifying scripts to avoid pickle errors when using waitress. It provides a clear solution by suggesting the separation of the custom column transformer class into a different module and explains the reasoning behind this approach, which is pertinent to the issue of pickle errors in the context of using waitress."
RELEVANT,"The generated answer directly addresses the question by providing the correct command to launch a container image in interactive mode, specifically mentioning the use of 'docker run -it --entrypoint bash <image>', which is accurate and relevant to the query."
RELEVANT,"The generated answer directly addresses the question about making a pull request for homework solutions using PyTorch, confirming that it is possible while providing additional context about the course's focus on Keras. This makes the answer pertinent and useful to the question asked."
PARTLY_RELEVANT,"The answer identifies a potential cause of the pip version error related to version conflicts with the Scikit-Learn library, which is relevant to environment setup in deep learning. However, it does not address the specific nature of the 'pip version error' itself or mention common issues directly linked to pip, limiting its full relevance to the question."
RELEVANT,The generated answer directly addresses the question by providing the appropriate command ('kubectl get hpa') to check the HPA status after editing the metrics-server. It is clear and directly related to the action the user is inquiring about.
RELEVANT,"The generated answer directly addresses the question about checking the AWS CLI version for eksctl compatibility by providing the command to check the version and indicating that AWS CLI v2 is required. It further enhances the answer by including a resource for migration instructions, aligning well with the needs expressed in the question."
RELEVANT,"The generated answer directly addresses the question by identifying a specific reason for differing accuracy values, namely the method of data splitting. This is a well-known factor in machine learning that can lead to variations in model performance, making the answer accurate and relevant."
RELEVANT,"The generated answer directly addresses the concern of losing the REMOTE_URI variable after a session ends by providing specific instructions on how to set it again using the `export` command. It also explains the temporary nature of the variable, clarifying that it needs to be set each time a new session starts. Thus, it is highly relevant to the question asked."
RELEVANT,The generated answer directly addresses the question by providing a source (Kaggle) where the script for generating the Kitchenware Classification Competition dataset can be found. It is specific and pertinent to the request made in the question.
RELEVANT,"The generated answer directly addresses the question by providing a specific solution for the TensorFlow Serving error on Apple M1 Macs, including instructions on using a suitable Docker image for ARM architecture. It includes command-line examples and a reference to a relevant GitHub page for further details, making it highly pertinent to the user's issue."
RELEVANT,"The generated answer directly addresses the question by providing specific steps to resolve the NotSupportedError in section 5, including advice on the version of protobuf to use and potential workarounds. The information is pertinent and actionable, making it highly relevant to the user's inquiry."
RELEVANT,The generated answer directly addresses the question by providing the name of the individual (Tzvi Friedman) who contributed the solution for the specified error related to Keras model training.
PARTLY_RELEVANT,"The generated answer partially addresses the question by mentioning the requirement of launching a PowerShell terminal with administrator privilege as a step before using Chocolatey (choco). However, it does not specifically mention the installation of 'kind' or provide detailed instructions for the installation process, which is the main focus of the question."
RELEVANT,"The generated answer provides a method to fetch data using the requests library, which directly addresses the user's question. It includes a clear example of Python code that demonstrates how to download a dataset, fulfilling the request for a method to obtain data for homework purposes."
RELEVANT,"The generated answer directly addresses the question by confirming that the `mean_squared_error` function can be used to compute RMSE in one step and provides a clear example of how to do so, which is exactly what the question asks."
RELEVANT,"The generated answer provides specific links to documentation that directly address the initialization of Lambda functions, making it highly relevant to the question asked."
RELEVANT,"The generated answer directly addresses the question by providing a clear example of how to read data from a GitHub URL using pandas. It includes a code snippet that demonstrates the exact method to accomplish the task, which is relevant and useful for someone looking for that information."
PARTLY_RELEVANT,The generated answer addresses the consistency of using a random seed but does not clearly explain why specifically using a seed of 42 results in all missing values being in the training dataframe. It hints at implications of different seed values but lacks clarity and detail on the mechanism behind the allocation of missing values.
RELEVANT,"The generated answer directly addresses the question by providing specific instructions on where to find the materials related to the cohort, including details about the course page and the cohort folder. It also suggests additional resources that could be valuable for the user, making it highly relevant to the inquiry."
RELEVANT,The generated answer directly addresses the question by confirming that there is a link to learn more about the California housing dataset and provides the specific link for further information.
RELEVANT,"The generated answer directly addresses the question by identifying specific algorithms (Random Forest for bagging and XGBoost for boosting) that are part of the course. Additionally, it explains the concepts of bagging and boosting, providing context to the algorithms mentioned."
RELEVANT,"The generated answer directly addresses the question by naming Ella Sahnan as the contributor of the information about using metrics on a series or dataframe in section 4, which is exactly what the question inquires about."
RELEVANT,"The generated answer directly addresses the question by suggesting a specific video that explains the normal form derivation for regression. It includes the title of the video and indicates that it provides a useful explanation, making it highly relevant to the user's request."
RELEVANT,"The generated answer directly addresses the question by confirming that Google Cloud Platform offers free services, specifically mentioning microinstances and other services, which indicates they are available for a long period."
RELEVANT,"The generated answer provides a specific link to a guide for using Docker in Google Colab, which directly addresses the question. Additionally, it includes relevant command examples for installing and running Docker in the Colab environment, enhancing the usefulness of the response."
PARTLY_RELEVANT,"The generated answer provides a command to import a function from sklearn, specifically 'mean_squared_error', which is related to RMSE calculation. However, it does not mention how to calculate RMSE directly or provide the necessary transformation needed to obtain RMSE from the mean squared error, which slightly detracts from its relevance."
RELEVANT,"The generated answer directly addresses the question by providing an alternative command related to region configuration in AWS. It specifically states how to set the region, which is in line with what the question is asking."
RELEVANT,"The generated answer accurately identifies the pandas function `std()` that computes the standard deviation from a series, and it provides examples of how to use it, which directly relates to the question asked."
RELEVANT,"The generated answer directly addresses the question by providing the default value for the number of workers in the fit function, which is requested in the question."
RELEVANT,"The generated answer directly addresses the question about loading a Keras model that encounters an optimizer error. It provides a specific solution by recommending the use of 'compile=False' when calling 'load_model', which is a pertinent and actionable piece of advice for resolving the issue described."
RELEVANT,"The generated answer provides a clear method to verify the results of evaluation metrics using the scikit-learn library. It directly addresses the question by offering specific code examples for calculating various metrics, which is exactly what the user needs to validate their code."
RELEVANT,"The generated answer directly addresses the question by stating that regularization techniques are not always necessary and that their application should be considered based on specific situations. It provides information about when regularization is beneficial, which is pertinent to the query."
RELEVANT,"The generated answer directly addresses the role of `np.sign` in determining the intercept between precision and recall curves by explaining how it identifies the points where the difference between precision and recall changes sign, which is essential for finding intersections between the curves."
RELEVANT,The generated answer directly addresses the issue of running out of storage after building many Docker images by providing specific steps to identify and remove unnecessary images as well as clean up the system. Each step is relevant to the question and offers practical solutions.
RELEVANT,"The generated answer correctly addresses the question by stating that folders are read in alphabetical order when determining numeric class labels in `flow_from_directory` in TensorFlow. It provides an example to illustrate this process, which adds clarity and reinforces the relevance of the response."
RELEVANT,"The generated answer directly addresses the question by providing the specific file to modify (`/etc/docker/daemon.json`) and includes the necessary configuration for changing Docker's DNS settings, along with instructions to restart Docker, which is relevant and helpful for the user."
RELEVANT,The generated answer directly responds to the question by stating that there is no specific number of models required for the midterm and provides additional instruction about training models. This information is pertinent to the inquiry and offers clarity on the expectation regarding models for the midterm.
RELEVANT,"The generated answer accurately explains why a threshold of 1.0 leads to a false positive rate (FPR) of 0.0. It discusses the conditions under which cases are classified as positive, the behavior of the sigmoid function, and concludes correctly that no positive predictions are made, resulting in an FPR of 0.0. This directly addresses the question asked."
RELEVANT,"The generated answer directly addresses the question by correctly identifying the pandas method 'std()' for calculating the standard deviation. It provides additional context on how to use this method with both individual series and DataFrames, which enhances the relevance and practical utility of the information."
RELEVANT,"The generated answer directly addresses the question by explaining why df_train_full is excluded from the correlation matrix task. It clarifies that df_train_full contains the validation dataset, and thus, using it would compromise the assessment of the model's performance. This provides a clear and logical rationale for the exclusion, making the answer highly relevant to the question."
RELEVANT,"The generated answer provides a clear and detailed step-by-step guide on how to set up a Conda environment, including installation of Anaconda or Miniconda, creating a new environment, activating it, and exporting and recreating the environment. All of this information is directly related to the question asked."
RELEVANT,"The generated answer directly addresses the issue of fixing a ValueError related to feature names in XGBoost by suggesting specific actions to take, such as checking for unsupported characters and replacing them. It provides a practical code example and also suggests an alternative approach regarding the use of the 'feature_names' parameter, making it highly relevant to the question."
RELEVANT,"The generated answer directly addresses the question about resolving the 'Cannot connect to the docker daemon' issue on WSL by providing specific steps related to Docker Desktop settings and WSL integration. It also includes additional troubleshooting steps that might be relevant for users facing this issue, making it a comprehensive and pertinent response."
RELEVANT,"The generated answer directly addresses the question by stating that completing the midterm project is not mandatory for obtaining the certificate. It provides additional information about the requirements for receiving the certificate, which is pertinent to the question asked."
RELEVANT,"The generated answer provides specific commands to start the Docker daemon on Linux, directly addressing the question. It includes two common methods for starting the daemon, which are pertinent and useful for the user seeking this information."
RELEVANT,"The generated answer directly addresses the question about eligibility for certification in light of missing the midterm project. It provides specific criteria for maintaining eligibility, indicating that missing one project does not disqualify the individual, which is exactly what the question seeks to understand."
PARTLY_RELEVANT,"The generated answer provides a command to install a related tool ('md5sha1sum') instead of 'md5sum'. While it mentions the usage of 'md5sum' after installation, the question specifically asks for the installation method for 'md5sum', making the answer partially relevant."
RELEVANT,"The generated answer directly addresses the question by providing a specific command, `docker cp`, and explains how it is used to transfer files from the local machine to a Docker container. This information is pertinent and useful for someone seeking to perform the specified action."
NON_RELEVANT,"The generated answer directly states that there is no mention of a YouTube video related to Evaluation Metrics for Classification. While it provides some information on classification metrics and tools, it does not address the question about the existence of a video, making it irrelevant to the query."
RELEVANT,"The generated answer directly addresses the question by providing the specific version of the zoomcamp-model image mentioned for Module 5 HW Question 6, which is exactly what was asked."
RELEVANT,"The generated answer directly addresses the question by stating that FeatureHasher is more suitable than DictVectorizer for handling categorical features with high cardinality. It provides a rationale for this choice, focusing on memory efficiency, which is pertinent to the topic."
RELEVANT,"The generated answer directly addresses the question by recommending a specific data splitting method that includes training, validation, and test sets while also explaining the importance of avoiding data leakage. The details provided about the percentages used in each split further enhance its relevance."
RELEVANT,"The generated answer directly addresses the question about resolving a ValueError when loading weights in HDF5 format into a subclassed model. It offers a clear and actionable solution by recommending the evaluation of the model on input data before attempting to load the weights, which is pertinent to the user's issue."
RELEVANT,"The generated answer directly addresses the question regarding why AUC values change when re-running the DecisionTreeClassifier. It explains the influence of randomness on the algorithm's behavior and provides a solution (setting the random seed) to achieve consistent results, which is exactly what the question seeks to understand."
RELEVANT,"The generated answer directly addresses the f-string error in the context of deploying machine learning models by explaining the common mistakes with f-strings and providing an example of correct usage. It also adds additional context regarding correct parentheses usage, which is relevant to potential errors in the code."
PARTLY_RELEVANT,"The generated answer provides a step that may help address the metadata loading error in Docker by suggesting a specific command. However, it does not outline a broader procedure or additional steps that might be taken if the initial suggestion does not resolve the issue, which is what the question implies."
PARTLY_RELEVANT,The generated answer indicates that there is a difference in the skills taught compared to 2021 but does not provide specific examples of the skills themselves. It partially addresses the question by mentioning changes in course materials and the Python version but lacks detailed information about the skills being taught.
RELEVANT,"The generated answer directly addresses the question about specific Python library versions required for completing the homework by providing examples of library and Python versions. It also mentions the impact of different library versions on variations in results, which is pertinent to the question."
RELEVANT,"The generated answer directly addresses the issue presented in the question by providing two viable solutions to resolve the 'wget is not recognized as an internal or external command' error on a Windows system. It clearly explains how to install wget using Chocolatey and also offers an alternative method of downloading a binary and adding it to the PATH, which is exactly what the user is seeking."
RELEVANT,"The generated answer directly addresses the question by identifying George Chizhmak as the provider of the solution for the XGBoostError. It also specifies the solution, which is installing sklearn, making the answer relevant and informative."
RELEVANT,"The generated answer directly addresses the question by stating that default values cannot be used for all fields except for the Access Key ID and Secret Access Key. It confirms that the Access Key ID and Secret Access Key must be provided, while clarifying that other fields can use default values, which aligns with the content of the question."
RELEVANT,"The generated answer directly addresses how to handle memory allocation errors in AWS ECS by suggesting an increase in RAM and CPU in the task definition, which is a practical solution related to the question."
RELEVANT,"The generated answer directly addresses the question by explaining that a negative accuracy difference means the model improved when the feature was removed, which is a clear and relevant response to the inquiry about the implications of such a statistic."
RELEVANT,"The generated answer directly addresses the question by detailing the specific steps taken by √Ångel de Vicente to resolve the protobuf issue in session 10.3. It includes the command used to create a virtual environment, specifies package versions, and mentions workarounds, all of which are relevant to the question asked."
RELEVANT,"The generated answer provides a clear and structured set of steps to set up CUDA and cuDNN on Ubuntu 22.04, directly addressing the question. The instructions include necessary resources like driver installation, toolkit downloads, and specific commands, which are all pertinent to the setup process outlined in the query."
PARTLY_RELEVANT,"The generated answer addresses the initiation of tasks for Week 10 but lacks specific guidance or actionable steps due to the absence of details in the context. It does suggest referring to overall course resources and checking back for updates, which offers some general direction but does not directly answer the question."
RELEVANT,The generated answer directly addresses the question by specifying that the solutions from the 2021 iteration of the course should be checked for using AUC. This makes it directly applicable and relevant to the query asked.
PARTLY_RELEVANT,"The generated answer acknowledges that there is an error message on the server side related to gunicorn, which is relevant to the question. However, it fails to provide any specific details about the error message itself, making it only partially relevant to what was asked."
RELEVANT,"The generated answer directly addresses the question by explaining the importance of using DictVectorizer or get_dummies after splitting the data to prevent data leakage, thereby providing a clear rationale that aligns with proper machine learning practices."
RELEVANT,"The generated answer directly addresses the question by providing the name of the person who added the solution to the NameError issue in the FAQ section, which is precisely what was asked."
RELEVANT,"The generated answer directly addresses the question by identifying Krishna Annad as the person who mentioned the usage of Yellowbrick for classification reports in the course. It provides the specific information requested, making it fully relevant."
RELEVANT,"The generated answer directly addresses the issue of 'kind' not being recognized as an internal or external command on Windows by providing a solution to rename the executable and add it to the PATH, which is a common troubleshooting method for command recognition problems in Windows."
RELEVANT,"The generated answer directly addresses the issue of 'kind' not being recognized as a command on Windows by providing clear and actionable steps to resolve it. It outlines renaming the executable, placing it in the correct folder, and modifying the system's PATH environment variable, which are all relevant actions necessary to fix the reported problem."
RELEVANT,"The generated answer directly addresses the question about visualizing feature importance in scikit-learn by providing clear steps for extracting feature importances, sorting them, and plotting them using a bar chart. It also includes example code, which is helpful for users looking for practical implementation guidance. The mention of a scikit-learn example for stability tracing further enhances its relevance."
RELEVANT,"The generated answer directly addresses the question about renaming a file that contains a dash for usage with waitress-serve. It provides a clear instruction on how to modify the filename by replacing dashes with underscores and gives a specific example, thus fully meeting the informational needs of the question."
RELEVANT,"The generated answer directly addresses the question by providing specific commands to display the size of a Docker image, which is exactly what was asked. It includes accurate syntax and instructions for usage, making it highly relevant."
RELEVANT,"The generated answer accurately describes the functionality of the KFold function in detail, including the roles of the `n_splits`, `shuffle`, and `random_state` parameters. It explains how these parameters contribute to the creation of training and validation datasets, thereby addressing the question completely."
RELEVANT,The generated answer provides a clear and direct method for loading a dataset into Kaggle Notebooks using the wget command and demonstrates how to read the dataset with pandas. This directly addresses the question and offers practical steps for the user.
RELEVANT,"The generated answer directly addresses the question by providing the correct formula to calculate the probability of class 0 based on the probability of class 1, which is exactly what was asked. It also gives an example to illustrate the concept, enhancing clarity and relevance."
PARTLY_RELEVANT,"The generated answer acknowledges the concept of 'questions' and encourages further specificity, which aligns with the user's inquiry. However, it lacks detailed information or examples, making it somewhat relevant but not fully addressing what was likely intended by the question about 'questions.'"
RELEVANT,"The generated answer directly addresses the question by confirming that it is permissible to post the same content on multiple social sites for homework points. It also provides specific details regarding the potential points that can be earned, thus enhancing the relevance of the response."
RELEVANT,The generated answer directly addresses the error message about 'kind' not being recognized. It explains the likely cause related to the file name and provides clear instructions on how to resolve the issue by renaming the file and updating the PATH environment variable.
RELEVANT,"The generated answer correctly explains why mutual information score cannot directly use continuous variables, mentioning the need to convert continuous variables into a discrete format and discussing the implications of doing so. It provides a clear rationale that is directly aligned with the question asked."
PARTLY_RELEVANT,"The generated answer mentions `keras.models.Sequential()` which is related to model building in Keras, a deep learning library. However, it does not specifically address how multiple parameters are passed or recommend a method distinct from simply using that function. Thus, while it is somewhat relevant to the context of modeling, it does not fully answer the question regarding the specific method recommended for passing multiple parameters."
RELEVANT,"The generated answer directly addresses the question by explaining how to handle categorical features before using Ridge Regression. It details the process of transforming categorical features through one-hot encoding and mentions the importance of dropping original features and setting the sparse parameter, which is pertinent to the topic at hand."
RELEVANT,"The generated answer directly addresses the question about the setting to ensure when using DictVectorizer by providing a specific recommendation regarding method usage, helping the user avoid potential warnings in the future."
RELEVANT,"The generated answer directly addresses the question by providing the correct command to install pip on WSL, which is a common requirement for users working in that environment."
RELEVANT,"The generated answer directly addresses the question by specifying what should be used alongside the binarized price for calculating mutual information, namely the categorical variable ocean_proximity. This is exactly what the question is seeking, making the answer relevant."
RELEVANT,"The generated answer directly addresses the question by identifying Bhaskar Sarma as the individual who provided the solution for the AWS configuration issue in video 9.6, which is precisely what was asked."
RELEVANT,"The generated answer directly addresses the question regarding the issue of 'pipenv' not being recognized as a command. It explains potential reasons for this issue and provides a specific solution involving path adjustments, which is relevant and useful for the user experiencing this problem."
PARTLY_RELEVANT,"The generated answer provides a step-by-step process related to adding notes to a Community Notes section, however, it specifically refers to creating a GitHub repository and forking an original course repository, which may not be directly applicable if the Community Notes section is unrelated to GitHub or user-generated content on that platform. The answer lacks clarity regarding where and how specifically to add notes in the Community Notes section itself."
RELEVANT,The generated answer directly addresses the question by identifying Larkin Andrii as the person who provided the recommended practice for using DictVectorizer or get_dummies. This fulfills the request for information regarding who provided the answer.
RELEVANT,"The generated answer directly addresses the question by explaining how to use the mean_squared_error function from the 'sklearn.metrics' library to calculate RMSE in Python. It provides practical code examples and also suggests an additional resource for more details, aligning well with the user's request for more information."
PARTLY_RELEVANT,"The generated answer provides some steps related to pushing an initial commit to GitHub, but it lacks the complete context needed to perform this task effectively. It does not mention the initial steps required to create a repository, add files, or any necessary configurations before committing. Overall, it addresses part of the question but misses key details for a complete answer."
RELEVANT,"The generated answer directly confirms that the course is available in a self-paced mode and provides additional context about the flexibility it offers, making it highly relevant to the question."
PARTLY_RELEVANT,"The answer provides a specific number of workers (2560) to set for faster training on a T4 GPU, which is relevant to the question. However, it lacks context on how to determine the optimal number of workers based on the specific training job or dataset, as well as potential limits in Google Colab that might affect this setting. A more nuanced answer would consider these factors."
PARTLY_RELEVANT,"The generated answer addresses part of the question by stating that the values for CPU and memory are not arbitrary. However, it introduces additional information about the importance of specifying correct values in the yaml file and that the focus is more on the port. This could confuse the reader about the original question's intent, which specifically asks about CPU and memory values."
RELEVANT,"The generated answer directly addresses the question by specifying the type of error (NotSupportedError) that occurs when running the command 'eb local run --port 9696'. It also provides the relevant error message, which is pertinent to understanding the context of the error, thus making the response relevant to the inquiry."
RELEVANT,"The generated answer directly addresses the question by providing a specific solution to avoid the 'manifest unknown' error when pulling a Docker image. It emphasizes the importance of specifying the correct tag and provides an example of a correct command to use, which is relevant to the user's query."
RELEVANT,The generated answer directly addresses the question by providing specific documentation links that pertain to understanding Lambda container images in-depth. This makes it a highly relevant response.
NON_RELEVANT,"The generated answer fails to address the context of the question regarding the import of the 'ping' function in the context of Decision Trees and Ensemble Learning. It does not provide any relevant information or suggestions applicable to the specific libraries or functions used in those areas, which makes it irrelevant to the inquiry."
RELEVANT,"The generated answer directly provides a specific resource (a URL) for installing Docker on MacOS, which directly addresses the question asked. Additionally, it offers helpful information regarding hardware considerations (Apple chip vs. Intel chip), making it a comprehensive and relevant response."
RELEVANT,"The generated answer directly addresses the question regarding how to specify files to be copied in a Dockerfile by explaining the use of the COPY command and providing a correct syntax example. It also includes a useful tip about using double quotes, enhancing its relevance."
RELEVANT,"The generated answer accurately describes the function of the command sns.histplot(df['median_house_value'], kde=False), including its purpose in creating a histogram, its focus on the 'median_house_value' column, and the implications of setting kde=False. It also mentions the use of plt.show() for visualization, which is relevant to the context."
RELEVANT,"The generated answer directly addresses the question about the built-in function in 'nvidia-smi' for running it repeatedly, providing the correct command and an example of its usage. This makes it highly relevant to the question posed."
RELEVANT,"The generated answer clearly explains the purpose of using a seed value when splitting data for training and validation. It highlights the importance of consistency and reproducibility in the data split, accurately addressing the question asked."
RELEVANT,"The generated answer directly addresses the question by providing specific workarounds for the issue caused by newer versions of protobuf in session 10.3. It lists two clear solutions and explains their implications, making the information highly pertinent to the question asked."
RELEVANT,"The generated answer directly addresses the question by providing a specific step (restarting the Jupyter notebook) to ensure imports work after package installation. It also gives an example to illustrate the point, making it pertinent and useful."
RELEVANT,"The generated answer provides a clear and accurate method to check the column information and memory usage of a pandas DataFrame using the `df.info()` method. It outlines what information will be displayed, which directly addresses the question."
RELEVANT,"The generated answer directly addresses the question by explaining the reasons for transforming the target variable to logarithmic distribution, highlighting its usefulness for skewed data and providing context on how to evaluate skewness. This directly relates to the question about why such a transformation should be applied."
RELEVANT,"The generated answer directly addresses the question about the role of the seed value for reproducibility in TensorFlow by explaining its function in ensuring consistent behavior across script executions. It provides specific examples of how to set the seed value and mentions additional features that enhance reproducibility, making the answer comprehensive and relevant to the question."
PARTLY_RELEVANT,"The generated answer provides a command that might help in resolving issues related to Jupyter notebooks, but it does not specifically address the 'contextfilter' error from 'jinja2'. It indicates a potential solution by upgrading 'nbconvert', which could be related, but it lacks direct relevance to the specific error mentioned in the question."
RELEVANT,"The generated answer directly addresses the question by providing a method to identify high correlation between features, specifically through the use of a correlation matrix and visualization techniques like a heatmap. The code snippets provided further enhance the relevance by offering practical implementation details."
RELEVANT,"The generated answer directly addresses the question by stating that the name of the Dockerfile should be 'Dockerfile' and emphasizes that it should not have any extension, which is the correct and complete response."
PARTLY_RELEVANT,"The generated answer does not identify a single best IDE for machine learning, but it mentions Visual Studio Code as a recommended option. It provides some relevant features of VS Code that can be beneficial for machine learning projects, but it fails to address other potential IDEs or compare them, making the relevance somewhat limited."
RELEVANT,"The generated answer directly addresses the question about why linear regression does not achieve a perfect fit despite training on `X_train`. It discusses concepts such as the avoidance of overfitting and the limitations of linear models in capturing data nuances, which are relevant to the question asked."
RELEVANT,"The generated answer directly addresses the question by providing an alternative command `!dir` for Windows Jupyter Notebook, which serves a similar purpose to `!ls -lh` in Unix systems."
PARTLY_RELEVANT,"The generated answer addresses the issue of model accuracy dropping after augmentation, which is relevant to the question. However, it focuses specifically on checking the 'rescale' option in the ImageDataGenerator, which may not be the only factor affecting accuracy. It lacks broader advice on troubleshooting or improving model performance after such a drop, making it only partially relevant."
RELEVANT,"The generated answer directly addresses the question by recommending that the person rewatch the video on the ROC curve. It explains the potential benefits of rewatching and emphasizes the importance of the ROC AUC metric in Binary Classification models, which aligns well with the topic of the video."
RELEVANT,"The generated answer directly addresses the question about creating a deep copy of a dataframe by providing the correct method (`X.copy()`) and explaining the difference between deep and shallow copies, which is relevant information for the context of the question."
RELEVANT,"The generated answer provides clear and specific steps to resolve the error mentioned in the question, directly addressing the issue of `python_version` and `python_full_version` conflicting in the Pipfile when using pipenv."
PARTLY_RELEVANT,"The generated answer addresses the reason for the different area on one side of the long tail distribution by mentioning the characteristics of the distribution and the effects on its statistical measures. However, it does not explicitly explain why one side has a different area compared to the other, which would be essential for a fully relevant response."
RELEVANT,"The generated answer directly addresses the reason for the error message about the data containing only one class. It explains the likely scenario in which the target variable only contains zeros and provides insight into how that situation arises from the transformation of the target variable. Additionally, it suggests a solution to ensure both classes are present, making the answer relevant and useful for the question asked."
RELEVANT,The generated answer directly addresses the question by providing a specific amount of time (approximately 10 hours per week) that students from the previous cohort spent on their coursework. This information is directly related to the inquiry about weekly time commitment.
RELEVANT,"The generated answer directly addresses the question by providing specific steps to take if an error related to scipy occurs while using ImageDataGenerator. It correctly suggests checking the installation of scipy, installing it if necessary, and restarting the Jupyter kernel, which are appropriate and relevant actions to troubleshoot the issue."
RELEVANT,"The generated answer directly provides an example of the COPY command in a Dockerfile, which fulfills the request made in the question. Additionally, it includes a note about using double quotes to avoid errors, which adds useful context to the example."
RELEVANT,"The generated answer accurately explains what '500m' means in the context of Kubernetes CPU limits, detailing that it represents 500 milliCPUs and provides additional context about its equivalence to CPU cores and the significance of the 'm' suffix."
RELEVANT,"The generated answer correctly provides a specific example of using the curl command to download a file on macOS. It includes the command syntax, explains the purpose of each component, and uses a valid URL, directly addressing the question asked."
RELEVANT,"The generated answer provides a clear and accurate method for handling missing values with the `fillna()` function in the context of regression analysis. It emphasizes the importance of filling missing values before data splitting to avoid data leakage, which is a crucial consideration in regression modeling."
RELEVANT,"The generated answer provides clear and actionable steps on how to debug a Docker container, including initializing an interactive shell as well as executing commands within a running container. This directly addresses the question posed."
RELEVANT,The generated answer directly responds to the question by providing a specific link that contains details about configuring the environment on a Mac with an M1 chip. This makes it a pertinent and useful response for the user.
RELEVANT,"The generated answer directly addresses the question by confirming that the AWS Serverless Framework can indeed assist in deploying a Flask application on AWS Lambda. It provides additional details about the deployment process, including creating a Docker image, pushing it to AWS ECR, and using API Gateway, which enhances the relevance of the answer."
RELEVANT,"The generated answer directly addresses the question by specifying that np.log1p() is most useful for target variable distributions that have a long tail, which is accurate and informative regarding the context of the logarithmic transformation."
RELEVANT,"The generated answer provides specific resources and sections for installing CUDA and cuDNN, explicitly mentioning support for both Ubuntu and Windows/WSL. This directly addresses the user's question about finding a guide for installation on a local machine, making it highly relevant."
RELEVANT,"The generated answer directly addresses the deprecation of `get_feature_names` by recommending the appropriate replacement method `.get_feature_names_out()`, and includes additional context about converting the result to a list and the importance of fitting the predictor and response arrays. This makes the answer not only relevant but also informative for someone facing this issue in machine learning classification."
RELEVANT,"The generated answer provides the correct syntax for the COPY command used in a Dockerfile, directly addressing the question about the basic syntax to copy files. It also includes a helpful tip regarding the use of double quotes, which adds to the clarity of the information provided."
RELEVANT,"The generated answer directly addresses the question by providing specific steps to take if the Pipfile and Piplock dependencies are not correctly updated. It outlines a series of troubleshooting methods, including running commands and editing files, which are all relevant to the problem described in the question."
PARTLY_RELEVANT,"The generated answer addresses a requirement related to a project but does not provide specific information about what 'learning in public' entails or how it directly relates to 'question1', which is unspecified. More context about the question would be needed for a fully relevant response."
RELEVANT,"The generated answer directly addresses the question by providing a resource (TensorFlow API documentation) for more information on using 'workers' in 'model.fit()'. Additionally, it explains the significance of the 'workers' parameter and offers practical advice on its usage, making it highly relevant to the query."
RELEVANT,The generated answer directly addresses the question by providing a correct method to shuffle a complete dataset using pandas. It accurately describes the use of the `pandas.DataFrame.sample` function and includes example code that effectively illustrates the solution.
RELEVANT,"The generated answer directly addresses the question regarding the differences in accuracy from homework options by explaining potential causes related to data splitting methods. It also provides practical advice on how to achieve more consistent results, which is relevant to the user's concern."
RELEVANT,"The generated answer directly addresses the question by providing a specific command and steps necessary to configure the console for pushing Docker images to Google Container Registry. It includes relevant information about installing the Google Cloud SDK and the command needed for authentication, which is essential for the task described in the question."
RELEVANT,"The generated answer provides a clear and detailed step-by-step explanation of how to calculate the RMSE score, including necessary code snippets and alternative methods. It directly addresses the question asked."
RELEVANT,"The generated answer directly addresses the question by providing a clear solution to the issue of password authentication no longer being supported on GitHub. It advises the user to create a personal access token and offers additional resources for further information, making it highly relevant to the inquiry."
RELEVANT,"The generated answer directly addresses the question by providing a specific source for instructions on installing TensorFlow GPU on Ubuntu. It also includes important additional information about setting up CUDA and cuDNN, which are necessary for the installation process."
RELEVANT,"The generated answer accurately explains the role of `y_true` in calculating the AUC score, specifically its function as the actual target values in the `roc_auc_score` function, which directly addresses the question asked."
RELEVANT,"The generated answer directly addresses the question about how Quinn Avila solved the issue of Jupyter notebook not recognizing a newly installed package by specifying that restarting the Jupyter notebook resolved the problem, which is a common solution for this issue."
RELEVANT,"The generated answer directly addresses the modification made to the median_house_value target by explaining that it was changed to binary format. It provides a clear rationale for this modification, including the necessity for the target to be discrete for calculating the mutual information score, which is pertinent to the context of the homework."
